Timestamp;HumiditySensorID;humidity
2022-02-15T08:00:00+0000;1;0.32
2022-02-15T08:00:05+0000;1;0.43
2022-02-15T08:45:00+0000;2;0.27
2022-02-15T09:00:00+0000;2;0.56
2022-02-15T09:15:00+0000 ;1;0.54
2022-02-15T09:30:00+0000;1;0.78
2022-02-15T09:45:00+0000;2;0.44
2022-02-15T10:00:00+0000;2;0.54
2022-02-15T10:15:00+0000;1;0.78
2022-02-15T10:30:00+0000;1;0.44
2022-02-15T11:00:00+0000 ;2;0.54
2022-02-15T11:15:00+0000;2;0.78
2022-02-15T11:45:00+0000 ;1;0.44
2022-02-15T12:00:00+0000;1;0.54
2022-02-15T15:00:00+0000;2;0.78
2022-02-15T15:40:00+0000;2;0.44
2022-02-15T17:00:00+0000 ;1;0.54
2022-02-15T17:30:00+0000;1;0.78
2022-02-15T18:00:00+0000 ;2;0.44
